"user_first_name_id","first_name","first_name_kana","first_name_roman"
1,"明菜","あきな","akina"
2,"千鶴","ちづる","tizuru"
3,"芳乃","よしの","yosino"
4,"梓","あずさ","azusa"
5,"邦夫","くにお","kunio"
6,"三郎","さぶろう","saburô"
7,"奈津美","なつみ","natumi"
8,"千佳","ちか","tika"
9,"絵麻","えま","ema"
10,"登美代","とみよ","tomiyo"
11,"右京","うきょう","ukyô"
12,"茂子","しげこ","sigeko"
13,"空馬","くうま","kûma"
14,"雅人","まさと","masato"
15,"一成","いっせい","issei"
16,"幸宏","ゆきひろ","yukihiro"
17,"家光","いえみつ","iemitu"
18,"沙耶","さや","saya"
19,"道代","みちよ","mitiyo"
20,"未央子","みおこ","mioko"
21,"喜代","きよ","kiyo"
22,"司","つかさ","tukasa"
23,"太郎","たろう","tarô"
24,"沙恵","さえ","sae"
25,"雄也","ゆうや","yûya"
26,"萌子","もえこ","moeko"
27,"季美子","きみこ","kimiko"
28,"忠治","ちゅうじ","tyûzi"
29,"力也","りきや","rikiya"
30,"忠治","ちゅうじ","tyûzi"
31,"恭平","きょうへい","kyôhei"
32,"邦夫","くにお","kunio"
33,"知子","ともこ","tomoko"
34,"洋介","ようすけ","yôsuke"
35,"輝子","てるこ","teruko"
36,"朔太郎","さくたろう","sakutarô"
37,"奈美子","なみこ","namiko"
38,"翔子","しょうこ","syôko"
39,"希子","きこ","kiko"
40,"次郎","じろう","zirô"
41,"衣子","よりこ","yoriko"
42,"希子","きこ","kiko"
43,"亜由","あゆ","ayu"
44,"熊五郎","くまごろう","kumagorô"
45,"梢","こずえ","kozue"
46,"清次","きよつぐ","kiyotugu"
47,"小雪","こゆき","koyuki"
48,"勇作","ゆうさく","yûsaku"
49,"昌子","まさこ","masako"
50,"一郎","いちろう","itirô"
51,"沙綾","さあや","saaya"
52,"真理亜","まりあ","maria"
53,"恵子","けいこ","keiko"
54,"加奈子","かなこ","kanako"
55,"康文","やすふみ","yasuhumi"
56,"千鶴","ちづる","tizuru"
57,"照江","てるえ","terue"
58,"明人","あきと","akito"
59,"真理","まり","mari"
60,"靖代","やすよ","yasuyo"
61,"聡子","さとこ","satoko"
62,"政弘","まさひろ","masahiro"
63,"右京","うきょう","ukyô"
64,"香代子","かよこ","kayoko"
65,"彩奈","あやな","ayana"
66,"幸一","こういち","kôiti"
67,"博代","ひろよ","hiroyo"
68,"知美","ともみ","tomomi"
69,"芳乃","よしの","yosino"
70,"雅人","まさと","masato"
71,"佳乃子","かのこ","kanoko"
72,"久一","ひさいち","hisaiti"
73,"実子","みこ","miko"
74,"明利","あきとし","akitosi"
75,"恵美里","えみり","emiri"
76,"一香","いちか","itika"
77,"十和子","とわこ","towako"
78,"奈那子","ななこ","nanako"
79,"次郎","じろう","zirô"
80,"安奈","あんな","anna"
81,"理佐子","りさこ","risako"
82,"健太","けんた","kenta"
83,"安佳里","あかり","akari"
84,"晴彦","はるひこ","haruhiko"
85,"良博","よしひろ","yosihiro"
86,"銀治","ぎんじ","ginzi"
87,"慶太","けいた","keita"
88,"朝子","あさこ","asako"
89,"明日香","あすか","asuka"
90,"房江","ふさえ","husae"
91,"早苗","さなえ","sanae"
92,"明子","あきこ","akiko"
93,"萌","もえ","moe"
94,"清次","きよつぐ","kiyotugu"
95,"愛子","あいこ","aiko"
96,"健介","けんすけ","kensuke"
97,"隆平","りゅうへい","ryûhei"
98,"瑠璃","るり","ruri"
99,"恵美里","えみり","emiri"
100,"時枝","ときえ","tokie"
101,"一成","いっせい","issei"
102,"絵里香","えりか","erika"
103,"正一","しょういち","syôiti"
104,"大伍","だいご","daigo"
105,"宇吉","うきち","ukiti"
106,"義男","よしお","yosio"
107,"治子","はるこ","haruko"
108,"沙織","さおり","saori"
109,"美波","みなみ","minami"
110,"俊二","しゅんじ","syunzi"
111,"空馬","くうま","kûma"
112,"千尋","ちひろ","tihiro"
113,"久世","ひさよ","hisayo"
114,"知子","ともこ","tomoko"
115,"和夫","かずお","kazuo"
116,"邦弘","くにひろ","kunihiro"
117,"伊織","いおり","iori"
118,"咲子","さきこ","sakiko"
119,"美恵子","みえこ","mieko"
120,"麻子","まこ","mako"
121,"詩子","うたこ","utako"
122,"絹子","きぬこ","kinuko"
123,"寛二","かんじ","kanzi"
124,"静江","しずえ","sizue"
125,"武雄","たけお","takeo"
126,"敦英","あつひで","atuhide"
127,"恵美子","えみこ","emiko"
128,"幸子","さちこ","satiko"
129,"千鶴子","ちずこ","tizuko"
130,"小雪","こゆき","koyuki"
131,"英太","えいた","eita"
132,"時枝","ときえ","tokie"
133,"久世","ひさよ","hisayo"
134,"修作","しゅうさく","syûsaku"
135,"麻耶","まや","maya"
136,"峰子","みねこ","mineko"
137,"一平","いっぺい","ippei"
138,"十和子","とわこ","towako"
139,"達雄","たつお","tatuo"
140,"徹子","てつこ","tetuko"
141,"正則","まさのり","masanori"
142,"至","いたる","itaru"
143,"隆一郎","りゅういちろう","ryûitirô"
144,"和美","かずみ","kazumi"
145,"政江","まさえ","masae"
146,"幸一","こういち","kôiti"
147,"貴代","たかよ","takayo"
148,"安奈","あんな","anna"
149,"司","つかさ","tukasa"
150,"輝子","てるこ","teruko"
151,"倫子","みちこ","mitiko"
152,"一徹","いってつ","ittetu"
153,"貴代","たかよ","takayo"
154,"英二","えいじ","eizi"
155,"基之","もとゆき","motoyuki"
156,"久一","ひさいち","hisaiti"
157,"朱美","あけみ","akemi"
158,"奈美子","なみこ","namiko"
159,"洋一","よういち","yôiti"
160,"恒夫","つねお","tuneo"
161,"理恵","りえ","rie"
162,"育子","いくこ","ikuko"
163,"仁美","ひとみ","hitomi"
164,"優子","ゆうこ","yûko"
165,"由香利","ゆかり","yukari"
166,"珠子","たまこ","tamako"
167,"裕美子","ゆみこ","yumiko"
168,"勇樹","ゆうき","yûki"
169,"幸江","さちえ","satie"
170,"俊介","しゅんすけ","syunsuke"
171,"宇吉","うきち","ukiti"
172,"優子","ゆうこ","yûko"
173,"満子","みつこ","mituko"
174,"信人","のぶひと","nobuhito"
175,"喜代","きよ","kiyo"
176,"詩子","うたこ","utako"
177,"奈々","なな","nana"
178,"太郎","たろう","tarô"
179,"多美子","たみこ","tamiko"
180,"明恵","あきえ","akie"
181,"洋一","よういち","yôiti"
182,"安寿","あんじゅ","anzyu"
183,"大伍","だいご","daigo"
184,"右京","うきょう","ukyô"
185,"樹理","じゅり","zyuri"
186,"梅吉","うめきち","umekiti"
187,"慶太","けいた","keita"
188,"奈々","なな","nana"
189,"恭平","きょうへい","kyôhei"
190,"梅吉","うめきち","umekiti"
191,"千帆","ちほ","tiho"
192,"月子","つきこ","tukiko"
193,"雅人","まさと","masato"
194,"紀代子","きよこ","kiyoko"
195,"千帆","ちほ","tiho"
196,"慶太","けいた","keita"
197,"一俊","かずとし","kazutosi"
198,"瑠璃","るり","ruri"
199,"千鶴子","ちずこ","tizuko"
200,"小雪","こゆき","koyuki"
201,"五郎","ごろう","gorô"
202,"康平","こうへい","kôhei"
203,"明男","あきお","akio"
204,"順平","じゅんぺい","zyunpei"
205,"志保","しほ","siho"
206,"円","まどか","madoka"
207,"友里","ゆり","yuri"
208,"秀成","ひでなり","hidenari"
209,"直哉","なおや","naoya"
210,"旭","あさひ","asahi"
211,"喜久子","きくこ","kikuko"
212,"京華","きょうか","kyôka"
213,"紀子","のりこ","noriko"
214,"和章","かずあき","kazuaki"
215,"忠信","ただのぶ","tadanobu"
216,"惠美","えみ","emi"
217,"常世","つねよ","tuneyo"
218,"翠","みどり","midori"
219,"紀夫","のりお","norio"
220,"真紀","まき","maki"
221,"重代","しげよ","sigeyo"
222,"啓介","けいすけ","keisuke"
223,"明穂","あきほ","akiho"
224,"静香","しずか","sizuka"
225,"大作","だいさく","daisaku"
226,"初枝","はつえ","hatue"
227,"沙耶香","さやか","sayaka"
228,"博文","ひろふみ","hirohumi"
229,"雪","ゆき","yuki"
230,"直樹","なおき","naoki"
231,"和子","かずこ","kazuko"
232,"伊代","いよ","iyo"
233,"理","さとし","satosi"
234,"志乃","しの","sino"
235,"孝子","たかこ","takako"
236,"希","のぞみ","nozomi"
237,"克哉","かつや","katuya"
238,"清","きよし","kiyosi"
239,"真衣","まい","mai"
240,"栄一","えいいち","eiiti"
241,"綾人","あやと","ayato"
242,"清彦","きよひこ","kiyohiko"
243,"真一","しんいち","sin'iti"
244,"奈津子","なつこ","natuko"
245,"奈津子","なつこ","natuko"
246,"麻美","あさみ","asami"
247,"小百美","さゆみ","sayumi"
248,"直哉","なおや","naoya"
249,"初枝","はつえ","hatue"
250,"節子","せつこ","setuko"
251,"康平","こうへい","kôhei"
252,"清","きよし","kiyosi"
253,"真由","まゆ","mayu"
254,"和代","かずよ","kazuyo"
255,"民江","たみえ","tamie"
256,"姫子","ひめこ","himeko"
257,"道枝","みちえ","mitie"
258,"愛里","あいり","airi"
259,"博文","ひろふみ","hirohumi"
260,"福子","ふくこ","hukuko"
261,"民江","たみえ","tamie"
262,"慎吾","しんご","singo"
263,"賢一","けんいち","ken'iti"
264,"亜有子","あゆこ","ayuko"
265,"文弥","ふみや","humiya"
266,"与一","よいち","yoiti"
267,"雄太","ゆうた","yûta"
268,"正和","まさかず","masakazu"
269,"喜和子","きわこ","kiwako"
270,"愛菜","あいな","aina"
271,"恵理","えり","eri"
272,"浩紀","ひろき","hiroki"
273,"奈保","なほ","naho"
274,"麻巳子","まみこ","mamiko"
275,"好","このみ","konomi"
276,"和久","かずひと","kazuhito"
277,"百恵","ももえ","momoe"
278,"敏子","としこ","tosiko"
279,"弥生","やよい","yayoi"
280,"里利子","りりこ","ririko"
281,"敦子","あつこ","atuko"
282,"清美","きよみ","kiyomi"
283,"明穂","あきほ","akiho"
284,"春菜","はるな","haruna"
285,"亜里沙","ありさ","arisa"
286,"小夜子","さよこ","sayoko"
287,"光代","みつよ","mituyo"
288,"絹江","きぬえ","kinue"
289,"智恵","ちえ","tie"
290,"浩二","こうじ","kôzi"
291,"誠二","せいじ","seizi"
292,"怜子","れいこ","reiko"
293,"紀江","のりえ","norie"
294,"正和","まさかず","masakazu"
295,"千代子","ちよこ","tiyoko"
296,"栄作","えいさく","eisaku"
297,"綾香","あやか","ayaka"
298,"久美子","くみこ","kumiko"
299,"儀一","ぎいち","giiti"
300,"光代","みつよ","mituyo"
301,"由衣","ゆい","yui"
302,"美裕","みひろ","mihiro"
303,"正和","まさかず","masakazu"
304,"千晶","ちあき","tiaki"
305,"和恵","かずえ","kazue"
306,"克哉","かつや","katuya"
307,"文太","ぶんた","bunta"
308,"富貴江","ふきえ","hukie"
309,"紀子","のりこ","noriko"
310,"和久","かずひと","kazuhito"
311,"良子","よしこ","yosiko"
312,"隼男","はやお","hayao"
313,"久仁子","くにこ","kuniko"
314,"栄吉","えいきち","eikiti"
315,"亜里沙","ありさ","arisa"
316,"寿々子","すずこ","suzuko"
317,"紀江","のりえ","norie"
318,"繁治","しげはる","sigeharu"
319,"忍","しのぶ","sinobu"
320,"恵理","えり","eri"
321,"達也","たつや","tatuya"
322,"清美","きよみ","kiyomi"
323,"大作","だいさく","daisaku"
324,"秀成","ひでなり","hidenari"
325,"伝次郎","でんじろう","denzirô"
326,"環奈","かんな","kanna"
327,"章代","あきよ","akiyo"
328,"正二","しょうじ","syôzi"
329,"妙","たえ","tae"
330,"郁恵","いくえ","ikue"
331,"佳代","かよ","kayo"
332,"真由子","まゆこ","mayuko"
333,"美樹彦","みきひこ","mikihiko"
334,"由佳","ゆか","yuka"
335,"兼子","かねこ","kaneko"
336,"浩介","こうすけ","kôsuke"
337,"美由紀","みゆき","miyuki"
338,"梨花","りか","rika"
339,"小太郎","こたろう","kotarô"
340,"君江","きみえ","kimie"
341,"早希","さき","saki"
342,"楓","かえで","kaede"
343,"弥枝子","やえこ","yaeko"
344,"隆二","りゅうじ","ryûzi"
345,"清一","きよいち","kiyoiti"
346,"富子","とみこ","tomiko"
347,"重成","しげなり","sigenari"
348,"久兵衛","きゅうべえ","kyûbê"
349,"重成","しげなり","sigenari"
350,"一穂","かずほ","kazuho"
351,"勝彦","かつひこ","katuhiko"
352,"京子","きょうこ","kyôko"
353,"四郎","しろう","sirô"
354,"知恵","ともえ","tomoe"
355,"芳江","よしえ","yosie"
356,"恭史郎","きょうしろう","kyôsirô"
357,"孝樹","こうき","kôki"
358,"由佳","ゆか","yuka"
359,"和重","かずしげ","kazusige"
360,"佳也子","かやこ","kayako"
361,"美久","みく","miku"
362,"左京","さきょう","sakyô"
363,"郁恵","いくえ","ikue"
364,"佐和子","さわこ","sawako"
365,"鈴香","すずか","suzuka"
366,"真菜美","まなみ","manami"
367,"浩介","こうすけ","kôsuke"
368,"渚","なぎさ","nagisa"
369,"小太郎","こたろう","kotarô"
370,"琴江","ことえ","kotoe"
371,"喜恵","きえ","kie"
372,"虎雄","とらお","torao"
373,"美波子","みなこ","minako"
374,"清枝","きよえ","kiyoe"
375,"一穂","かずほ","kazuho"
376,"泰江","やすえ","yasue"
377,"妙","たえ","tae"
378,"雛子","ひなこ","hinako"
379,"千夏","ちなつ","tinatu"
380,"桜","さくら","sakura"
381,"百合江","ゆりえ","yurie"
382,"洋子","ようこ","yôko"
383,"孝雄","たかお","takao"
384,"幸作","こうさく","kôsaku"
385,"悦子","えつこ","etuko"
386,"和歌子","わかこ","wakako"
387,"八重","やえ","yae"
388,"美和","みわ","miwa"
389,"拓也","たくや","takuya"
390,"千江子","ちえこ","tieko"
391,"留奈","るな","runa"
392,"貫太","かんた","kanta"
393,"一穂","かずほ","kazuho"
394,"優香","ゆうか","yûka"
395,"久兵衛","きゅうべえ","kyûbê"
396,"琴江","ことえ","kotoe"
397,"勉","つとむ","tutomu"
398,"妙","たえ","tae"
399,"彩乃","あやの","ayano"
400,"杏里","あんり","anri"
401,"幸","さち","sati"
402,"喜恵","きえ","kie"
403,"洋子","ようこ","yôko"
404,"裕一郎","ゆういちろう","yûitirô"
405,"亜紀","あき","aki"
406,"麻恵","あさえ","asae"
407,"光晴","みつはる","mituharu"
408,"大樹","たいき","taiki"
409,"律子","りつこ","rituko"
410,"由紀子","ゆきこ","yukiko"
411,"杏","あんず","anzu"
412,"太陽","たいよう","taiyô"
413,"沙弥子","さやこ","sayako"
414,"修","おさむ","osamu"
415,"久美","くみ","kumi"
416,"利一","りいち","riiti"
417,"尚子","なおこ","naoko"
418,"健作","けんさく","kensaku"
419,"美穂","みほ","miho"
420,"夏江","なつえ","natue"
421,"瑠衣","るい","rui"
422,"貞治","さだはる","sadaharu"
423,"俊彦","としひこ","tosihiko"
424,"好美","よしみ","yosimi"
425,"里美","さとみ","satomi"
426,"彩","あや","aya"
427,"加奈","かな","kana"
428,"恵理子","えりこ","eriko"
429,"隆文","たかふみ","takahumi"
430,"鉄平","てっぺい","teppei"
431,"晴美","はるみ","harumi"
432,"胡桃","くるみ","kurumi"
433,"美弥子","みやこ","miyako"
434,"康史","やすし","yasusi"
435,"喜太郎","きたろう","kitarô"
436,"澄江","すみえ","sumie"
437,"歩","あゆみ","ayumi"
438,"綾音","あやね","ayane"
439,"幸恵","ゆきえ","yukie"
440,"穂菜美","ほなみ","honami"
441,"喜太郎","きたろう","kitarô"
442,"康子","やすこ","yasuko"
443,"麻帆","まほ","maho"
444,"功","いさお","isao"
445,"恵","めぐみ","megumi"
446,"喜一","きいち","kiiti"
447,"成美","なるみ","narumi"
448,"里穂","りほ","riho"
449,"涼子","りょうこ","ryôko"
450,"玉枝","たまえ","tamae"
451,"葵","あおい","aoi"
452,"要","かなめ","kaname"
453,"有香","ありか","arika"
454,"菊次郎","きくじろう","kikuzirô"
455,"睦子","むつこ","mutuko"
456,"加奈","かな","kana"
457,"多喜子","たきこ","takiko"
458,"小春","こはる","koharu"
459,"彰成","あきなり","akinari"
460,"定章","さだあき","sadaaki"
461,"里江子","りえこ","rieko"
462,"恵理子","えりこ","eriko"
463,"彰成","あきなり","akinari"
464,"愛","あい","ai"
465,"茂雄","しげお","sigeo"
466,"達子","たつこ","tatuko"
467,"亜美","あみ","ami"
468,"伸介","しんすけ","sinsuke"
469,"秀和","ひでかず","hidekazu"
470,"武子","たけこ","takeko"
471,"美弥子","みやこ","miyako"
472,"辰徳","たつのり","tatunori"
473,"理子","りこ","riko"
474,"千代","ちよ","tiyo"
475,"穂菜美","ほなみ","honami"
476,"春江","はるえ","harue"
477,"里穂","りほ","riho"
478,"衛","まもる","mamoru"
479,"健","けん","ken"
480,"文子","ふみこ","humiko"
481,"里美","さとみ","satomi"
482,"金太","きんた","kinta"
483,"美沙子","みさこ","misako"
484,"信子","のぶこ","nobuko"
485,"丈太","じょうた","zyôta"
486,"加奈恵","かなえ","kanae"
487,"直美","なおみ","naomi"
488,"八郎","はちろう","hatirô"
489,"信代","のぶよ","nobuyo"
490,"勝代","かつよ","katuyo"
491,"了","さとる","satoru"
492,"定吉","さだきち","sadakiti"
493,"勝代","かつよ","katuyo"
494,"克己","かつみ","katumi"
495,"麻菜","まな","mana"
496,"琴音","ことね","kotone"
497,"美代","みよ","miyo"
498,"直美","なおみ","naomi"
499,"織江","おりえ","orie"
500,"理央","りお","rio"
501,"渉","わたる","wataru"
502,"陶子","とうこ","tôko"
503,"日出子","ひでこ","hideko"
504,"賢治","けんじ","kenzi"
505,"信和","のぶかず","nobukazu"
506,"清香","きよか","kiyoka"
507,"茜","あかね","akane"
508,"理央","りお","rio"
509,"勇","いさむ","isamu"
510,"日出子","ひでこ","hideko"
511,"瑞枝","みずえ","mizue"
512,"花子","はなこ","hanako"
513,"十郎","じゅうろう","zyûrô"
514,"小夏","こなつ","konatu"
515,"薫","かおる","kaoru"
516,"博","ひろし","hirosi"
517,"薫","かおる","kaoru"
518,"冴子","さえこ","saeko"
519,"佐和","さわ","sawa"
520,"伸江","のぶえ","nobue"
521,"総一郎","そういちろう","sôitirô"
522,"彩子","さいこ","saiko"
523,"夏穂","かほ","kaho"
524,"冴子","さえこ","saeko"
525,"恒春","つねはる","tuneharu"
526,"麻里子","まりこ","mariko"
527,"真美","まみ","mami"
528,"留美","るみ","rumi"
529,"巧","たくみ","takumi"
530,"千佐子","ちさこ","tisako"
531,"豊子","とよこ","toyoko"
532,"正代","まさよ","masayo"
533,"美佐","みさ","misa"
534,"剛","たけし","takesi"
535,"夏穂","かほ","kaho"
536,"豊子","とよこ","toyoko"
537,"秀美","ひでみ","hidemi"
538,"亀吉","かめきち","kamekiti"
539,"凛","りん","rin"
540,"美佐","みさ","misa"
541,"太一","たいち","taiti"
542,"諭吉","ゆきち","yukiti"
543,"博美","ひろみ","hiromi"
544,"剛","たけし","takesi"
545,"太一","たいち","taiti"
546,"佐和","さわ","sawa"
547,"須美子","すみこ","sumiko"
548,"凛","りん","rin"
549,"家康","いえやす","ieyasu"
550,"亜美子","あみこ","amiko"
551,"松子","まつこ","matuko"
552,"亜美子","あみこ","amiko"
553,"棗","なつめ","natume"
554,"亜美利","あみり","amiri"
555,"亜美利","あみり","amiri"
556,"美紀","みき","miki"
557,"蘭子","らんこ","ranko"
558,"宇美","うみ","umi"
559,"春樹","はるき","haruki"
560,"弘江","ひろえ","hiroe"
561,"久子","ひさこ","hisako"
562,"房代","ふさよ","husayo"
563,"純","じゅん","zyun"
564,"勝枝","かつえ","katue"
565,"典代","のりよ","noriyo"
566,"香","かおり","kaori"
567,"元気","げんき","genki"
568,"麗華","れいか","reika"
569,"明","あきら","akira"
570,"幸乃","ゆきの","yukino"
571,"純","じゅん","zyun"
572,"香穂子","かほこ","kahoko"
573,"鈴音","すずね","suzune"
574,"智弘","ともひろ","tomohiro"
575,"宗和","むねかず","munekazu"
576,"浩子","ひろこ","hiroko"
577,"素子","もとこ","motoko"
578,"聖子","せいこ","seiko"
579,"千加代","ちかよ","tikayo"
580,"詩織","しおり","siori"
581,"風子","ふうこ","hûko"
582,"風花","ふうか","hûka"
583,"英世","ひでよ","hideyo"
584,"鶴子","つるこ","turuko"
585,"仁久","きみひさ","kimihisa"
586,"芽衣","めい","mei"
587,"美優","みゆう","miyû"
588,"美優","みゆう","miyû"
589,"芽衣","めい","mei"
590,"芽衣","めい","mei"
591,"純一","じゅんいち","zyun'iti"
592,"英吾","えいご","eigo"
593,"美夏","みか","mika"
594,"敦","あつし","atusi"
595,"絵里奈","えりな","erina"
596,"一太郎","いちたろう","ititarô"
597,"敬一","けいいち","keiiti"
598,"弘直","ひろなお","hironao"
599,"由利子","ゆりこ","yuriko"
600,"多絵子","たえこ","taeko"
